period1,period2,key,kendall_rank_correlation,kendall_p_value,cosine_similarity,pearson_correlation,pearson_p_value
pre,imm,building,0.6,0.2333333,0.9991,0.9997,7.613941735484829e-06
pre,imm,highway,0.6,0.0166661,0.9168,0.828,0.0030967981922863535
pre,imm,surface,0.4286,0.178869,0.4746,0.1936,0.6459461923244744
pre,imm,amenity,0.6,0.1361111,0.6361,0.4645,0.35330563909700624
pre,imm,landuse,0.5,0.1086806,0.9842,0.9799,2.00934683687041e-05
pre,imm,waterway,0.7638,0.0088397,0.9927,0.9926,1.0278197246006189e-06
pre,imm,natural,0.2381,0.5619048,0.8375,0.5619,0.18926277166775865
