period1,period2,key,kendall_rank_correlation,kendall_p_value,cosine_similarity,pearson_correlation,pearson_p_value
pre,post,building,0.8095,0.0107143,0.9994,0.9994,1.785029649134808e-08
pre,post,highway,0.4222,0.1083135,0.8795,0.7432,0.01376148691735958
pre,post,surface,0.8889,0.0002425,0.8868,0.8379,0.004800505685532501
pre,post,amenity,0.4667,0.2722222,0.8708,0.694,0.12615705118018702
pre,post,landuse,0.7333,0.0555556,0.8755,0.8259,0.042831049415300596
pre,post,waterway,0.8365,0.0041367,0.9687,0.972,5.349468312266425e-05
pre,post,natural,-0.2857,0.3987599,0.5313,-0.1307,0.7577800182336101
