period1,period2,key,kendall_rank_correlation,kendall_p_value,cosine_similarity,pearson_correlation,pearson_p_value
pre,imm,building,0.5238,0.1361111,0.9985,0.9985,1.5975688728829161e-07
pre,imm,highway,0.4444,0.1194389,0.6082,0.2181,0.5729215932045653
pre,imm,surface,0.8095,0.0107143,0.5282,0.1107,0.8132046807141623
pre,imm,amenity,0.3333,0.3813492,0.2951,-0.1814,0.697135878122908
pre,imm,landuse,0.5556,0.0446153,0.6502,0.5757,0.10480144009682232
pre,imm,waterway,0.7143,0.0141369,0.9896,0.9872,5.229146174710495e-06
pre,imm,natural,0.3333,0.2595183,0.7885,0.7367,0.023571436379396057
