period1,period2,key,kendall_rank_correlation,kendall_p_value,cosine_similarity,pearson_correlation,pearson_p_value
pre,post,building,0.8571,0.0017361,0.9999,0.9999,1.915864512667402e-12
pre,post,highway,0.4444,0.1194389,0.7077,0.3764,0.3180979037594385
pre,post,surface,0.691,0.017844,0.5085,0.193,0.6470406900977871
pre,post,amenity,0.7143,0.0141369,0.9549,0.8749,0.004443042034413418
pre,post,landuse,0.5714,0.0610119,0.9317,0.9369,0.0005991740531372421
pre,post,waterway,0.6429,0.0311508,0.9647,0.9484,0.00033001140895545637
pre,post,natural,0.4444,0.1194389,0.8124,0.7469,0.020754107107790142
