period1,period2,key,kendall_rank_correlation,kendall_p_value,cosine_similarity,pearson_correlation,pearson_p_value
pre,imm,building,0.8571,0.0017361,0.95,0.9623,0.00013057675473659002
pre,imm,highway,0.6429,0.0311508,0.8819,0.6445,0.0845259816335122
pre,imm,surface,0.7857,0.005506,0.9962,0.9985,8.914430332595993e-09
pre,imm,amenity,0.619,0.0690476,0.9192,0.8961,0.0063098666017159894
pre,imm,landuse,0.7143,0.0301587,0.9094,0.919,0.0034338657402033677
pre,imm,waterway,0.2,0.8166667,0.753,0.4247,0.4759733311866811
pre,imm,natural,0.9048,0.0027778,0.9994,0.9997,3.1048962602160755e-09
