period1,period2,key,kendall_rank_correlation,kendall_p_value,cosine_similarity,pearson_correlation,pearson_p_value
pre,post,building,0.5714,0.0610119,0.9826,0.982,1.4294225765096448e-05
pre,post,highway,0.6111,0.024741,0.9801,0.8382,0.004774447130677064
pre,post,surface,0.9444,4.96e-05,1.0,1.0,2.762884764531259e-15
pre,post,amenity,0.8667,0.0166667,0.9746,0.972,0.0011672257746741764
pre,post,landuse,0.7222,0.0058862,0.991,0.982,2.5090689974118794e-06
pre,post,waterway,0.7857,0.005506,0.8303,0.7362,0.03730452693186999
pre,post,natural,0.7333,0.0555556,0.9972,0.9983,4.133142973129787e-06
