period1,period2,kendall_rank_correlation,kendall_p_value,cosine_similarity,pearson_correlation,pearson_p_value
pre,imm,0.6111,0.024741,0.998,0.9989,1.6262941816597263e-10
pre,post,0.6667,0.0126653,0.9994,0.9997,2.3614301582327203e-12
imm,post,0.8333,0.0008543,0.9994,0.9995,1.0143414826036449e-11
