period1,period2,kendall_rank_correlation,kendall_p_value,cosine_similarity,pearson_correlation,pearson_p_value
pre,imm,0.7778,0.002425,0.9799,0.9858,1.10954793629276e-06
pre,post,0.8333,0.0008543,0.9663,0.9599,4.0942613587378445e-05
imm,post,0.7222,0.0058862,0.898,0.9008,0.0009181230604290305
