period1,period2,key,kendall_rank_correlation,kendall_p_value,cosine_similarity,pearson_correlation,pearson_p_value
imm,post,building,0.7143,0.0141369,0.9993,0.9993,7.88174380818294e-10
imm,post,highway,0.5,0.0751764,0.7631,0.4177,0.2632958405137005
imm,post,surface,0.5714,0.0610119,0.4493,0.1608,0.7036250534908814
imm,post,amenity,0.3571,0.2750992,0.6702,0.372,0.3642107971965055
imm,post,landuse,0.5556,0.0446153,0.8456,0.8065,0.008637766530815032
imm,post,waterway,0.8333,0.0008543,0.9667,0.9634,2.9782987973357974e-05
imm,post,natural,0.7857,0.005506,0.8586,0.8489,0.007680933790661655
