period1,period2,key,kendall_rank_correlation,kendall_p_value,cosine_similarity,pearson_correlation,pearson_p_value
pre,imm,building,0.5714,0.0610119,0.9989,0.9988,4.805031995192352e-09
pre,imm,highway,0.6111,0.024741,0.7143,0.292,0.44580155958198714
pre,imm,surface,0.7222,0.0058862,0.432,0.1757,0.6511695456886566
pre,imm,amenity,0.0476,1.0,0.4703,-0.3473,0.4453020084749207
pre,imm,landuse,0.6,0.1361111,0.927,0.9511,0.0035288965624784953
pre,imm,waterway,0.8571,0.0017361,0.9919,0.9921,1.2052427694020132e-06
pre,imm,natural,0.5556,0.0446153,0.9244,0.8915,0.0012441644650510327
