period1,period2,key,kendall_rank_correlation,kendall_p_value,cosine_similarity,pearson_correlation,pearson_p_value
pre,post,building,0.619,0.0690476,0.9996,0.9996,4.981387152102078e-09
pre,post,highway,0.5556,0.0286095,0.9507,0.8214,0.0035646197405736057
pre,post,surface,0.5714,0.0610119,0.9829,0.9759,3.421291161199378e-05
pre,post,amenity,0.2143,0.5484127,0.8125,0.2973,0.47449215651208543
pre,post,landuse,1.0,0.0003968,0.9855,0.9819,8.420403929391831e-05
pre,post,waterway,0.8889,0.0002425,0.9738,0.9635,2.946450689775328e-05
pre,post,natural,0.7857,0.005506,0.9685,0.9788,2.3315018617316713e-05
