period1,period2,key,kendall_rank_correlation,kendall_p_value,cosine_similarity,pearson_correlation,pearson_p_value
imm,post,building,0.8,0.0833333,1.0,1.0,1.8319970292579326e-09
imm,post,highway,0.7778,0.002425,0.9679,0.9453,0.00011949823236827798
imm,post,surface,0.4226,0.1158515,0.9465,0.9704,1.4233618301222437e-05
imm,post,amenity,0.5477,0.2785987,0.8881,0.622,0.37803356080383343
imm,post,landuse,0.8,0.0833333,0.9965,0.9969,0.00020971359384971858
imm,post,waterway,0.9129,0.0709515,0.9994,0.9999,5.170710690527436e-05
imm,post,natural,-0.3333,0.75,0.6305,-0.4118,0.5882146778519513
