period1,period2,key,kendall_rank_correlation,kendall_p_value,cosine_similarity,pearson_correlation,pearson_p_value
pre,post,building,0.488,0.128735,1.0,1.0,1.7546273746172552e-12
pre,post,highway,0.7043,0.0087746,0.9187,0.8402,0.004580608672177284
pre,post,surface,0.3772,0.1666074,0.8045,0.675,0.04606361643314249
pre,post,amenity,0.527,0.2065073,0.8509,0.6741,0.21209613133216026
pre,post,landuse,0.3333,1.0,0.9954,0.9936,0.07226164751640288
pre,post,waterway,1.0,0.0833333,0.9987,0.9979,0.0020590153088089203
pre,post,natural,0.3162,0.4484889,0.7241,0.4057,0.4979684512405866
