period1,period2,key,kendall_rank_correlation,kendall_p_value,cosine_similarity,pearson_correlation,pearson_p_value
pre,imm,building,0.4,0.4833333,1.0,1.0,8.873005142675714e-08
pre,imm,highway,0.7606,0.0046494,0.9335,0.8942,0.0011429425658111725
pre,imm,surface,0.5669,0.0561147,0.696,0.6207,0.1005774330197134
pre,imm,amenity,-0.0714,0.8456867,0.4986,-0.2843,0.5850303214650475
pre,imm,landuse,0.3333,1.0,0.999,0.999,0.02839296097558694
pre,imm,waterway,1.0,0.3333333,0.9993,0.9984,0.036532640370247615
pre,imm,natural,0.3333,0.75,0.508,0.0048,0.9952183408538426
