period1,period2,kendall_rank_correlation,kendall_p_value,cosine_similarity,pearson_correlation,pearson_p_value
pre,imm,0.9444,4.96e-05,0.9988,0.9987,2.4653792885585555e-10
pre,post,0.8889,0.0002425,0.9975,0.998,1.155657093605026e-09
imm,post,0.8333,0.0008543,0.994,0.9948,3.3083913263969343e-08
