period1,period2,kendall_rank_correlation,kendall_p_value,cosine_similarity,pearson_correlation,pearson_p_value
pre,imm,0.9444,4.96e-05,0.9988,0.9987,2.445173862781304e-10
pre,post,0.8333,0.0008543,0.9974,0.9979,1.3082738492227166e-09
imm,post,0.8889,0.0002425,0.9938,0.9947,3.522726027549225e-08
