period1,period2,kendall_rank_correlation,kendall_p_value,cosine_similarity,pearson_correlation,pearson_p_value
pre,imm,0.6111,0.024741,0.9708,0.9711,1.3174005082779493e-05
pre,post,0.6111,0.024741,0.9806,0.9775,5.4818361865207046e-06
imm,post,0.8889,0.0002425,0.9966,0.9969,5.60742551930467e-09
