period1,period2,kendall_rank_correlation,kendall_p_value,cosine_similarity,pearson_correlation,pearson_p_value
pre,imm,0.6667,0.0126653,0.9728,0.9729,1.0477049922296482e-05
pre,post,0.6667,0.0126653,0.9815,0.9785,4.665330839518947e-06
imm,post,0.8889,0.0002425,0.9968,0.997,5.084054006903593e-09
