period1,period2,kendall_rank_correlation,kendall_p_value,cosine_similarity,pearson_correlation,pearson_p_value
pre,imm,0.3889,0.1801808,0.7549,0.4701,0.20158500759494846
pre,post,0.7778,0.002425,0.9538,0.9198,0.00044363595001668533
imm,post,0.6111,0.024741,0.9005,0.7343,0.02427564228662728
