period1,period2,kendall_rank_correlation,kendall_p_value,cosine_similarity,pearson_correlation,pearson_p_value
pre,imm,0.3889,0.1801808,0.7538,0.4681,0.2038286260225995
pre,post,0.6667,0.0126653,0.7992,0.5898,0.09462710712867836
imm,post,0.7222,0.0058862,0.9602,0.9061,0.000761955648420419
