period1,period2,kendall_rank_correlation,kendall_p_value,cosine_similarity,pearson_correlation,pearson_p_value
pre,imm,0.5556,0.0446153,0.9906,0.9909,2.3082060534805793e-07
pre,post,0.7778,0.002425,0.9484,0.9606,3.860459108641939e-05
imm,post,0.6667,0.0126653,0.9178,0.945,0.00012147513245844304
