period1,period2,kendall_rank_correlation,kendall_p_value,cosine_similarity,pearson_correlation,pearson_p_value
pre,imm,0.5,0.0751764,0.8992,0.8677,0.002429452298061142
pre,post,0.7222,0.0058862,0.989,0.9831,2.0423906005395976e-06
imm,post,0.5556,0.0446153,0.9412,0.934,0.00022813493289568354
