period1,period2,kendall_rank_correlation,kendall_p_value,cosine_similarity,pearson_correlation,pearson_p_value
pre,imm,0.7778,0.002425,0.9806,0.977,5.901628333049827e-06
pre,post,0.7222,0.0058862,0.579,0.3961,0.2912627164033316
imm,post,0.6111,0.024741,0.4129,0.1954,0.6144073951308671
