period1,period2,kendall_rank_correlation,kendall_p_value,cosine_similarity,pearson_correlation,pearson_p_value
pre,imm,0.1409,0.6001795,0.6374,0.484,0.1867442393063872
pre,post,0.3662,0.1729549,0.6127,0.4273,0.2513058050631598
imm,post,0.5556,0.0446153,0.9352,0.8945,0.0011304091436255591
